Track Name,Play Count,Track Duration (ms),Track_URI,Artist URI(s),Album URI,Track Preview URL
Fader,79083512,192373,0vNPJrUrBnMFdCs8b2MTNG,spotify:artist:4W48hZAnAHVOC2c8WH8pcq,spotify:album:0V59MMtgoruvEqMv18KAOH,https://p.scdn.co/mp3-preview/14264bd1501d27236aaa250633253911b2f3de50?cid=9950ac751e34487dbbe027c4fd7f8e99
Sherry,120115049,152160,0NpvdCO506uO58D4AbKzki,spotify:artist:6mcrZQmgzFGRWf7C0SObou,spotify:album:0NUEQILaBzavnzcMEs4buZ,https://p.scdn.co/mp3-preview/e3f765262ebc349e663182d0e19bb24766314f39?cid=9950ac751e34487dbbe027c4fd7f8e99
I Took A Pill In Ibiza - Seeb Remix,2096714485,197933,1MtUq6Wp1eQ8PC6BbPCj8P,"spotify:artist:2KsP6tYLJlTBvSUxnwlVWa, spotify:artist:5iNrZmtVMtYev5M9yoWpEq",spotify:album:1Tz3Ai1guEFf4hV3d9i17K,https://p.scdn.co/mp3-preview/7bae6aac6d699135151854e9e3e5ae78f1a244f5?cid=9950ac751e34487dbbe027c4fd7f8e99
Let Go for Tonight,21620452,238413,59lq75uFIqzUZcgZ4CbqFG,spotify:artist:7qRll6DYV06u2VuRPAVqug,spotify:album:5AQ7uKRSpAv7SNUl4j24ru,https://p.scdn.co/mp3-preview/84a003d72f9f146831bbfa39587ebc50ee76e0f0?cid=9950ac751e34487dbbe027c4fd7f8e99
The Way I Want To Touch You,4832365,163586,7KdcZQ3GJeGdserhK61kfv,spotify:artist:7BEfMxbaqx6dOpbtlEqScm,spotify:album:3GUxesVyOehInaxJyCTh6d,https://p.scdn.co/mp3-preview/9e7a4a7b7dc56dc3f08e1c9d84e78b52ddefb5cb?cid=9950ac751e34487dbbe027c4fd7f8e99
Still Got Time (feat. PARTYNEXTDOOR),295928322,188490,000xQL6tZNLJzIrtIgxqSl,"spotify:artist:5ZsFI1h6hIdQRw2ti0hz81, spotify:artist:2HPaUgqeutzr3jx5a9WyDV",spotify:album:2kGUeTGnkLOYlinKRJe47G,https://p.scdn.co/mp3-preview/765e08c9b8930c6d0338c2d3d75c5b1c3efff338?cid=9950ac751e34487dbbe027c4fd7f8e99
Your Song,645549710,180160,46xkXPGjR9Ig9BcaTUNus3,spotify:artist:5CCwRZC6euC8Odo6y9X8jr,spotify:album:6Vn8F3hERVHYYz5RfKmsAN,https://p.scdn.co/mp3-preview/d57008f417a1466ac0ab02020560d4d61d904e80?cid=9950ac751e34487dbbe027c4fd7f8e99
Fix You,1663497941,295533,7LVHVU3tWfcxj5aiPFEW4Q,spotify:artist:4gzpq5DPGxSnKTe4SA8HAU,spotify:album:4E7bV0pzG0LciBSWTszra6,https://p.scdn.co/mp3-preview/4ee64ea0fcfc1e6142d3b1e76464e95834fa87dd?cid=9950ac751e34487dbbe027c4fd7f8e99
There You'll Be - 2007 Remaster,114420153,220840,1s2khOWzC99udpUaPICLJI,spotify:artist:25NQNriVT2YbSW80ILRWJa,spotify:album:7fvl3dOnDrv9rq5IBmLbAa,https://p.scdn.co/mp3-preview/a3b43c90cfdf09ed61c5b1622f4a4e6a1f6a00a2?cid=9950ac751e34487dbbe027c4fd7f8e99
Every Breath You Take - Remastered 2003,2431588432,253886,2sXp9Qmvc7mRaDBjBgcGGi,spotify:artist:5NGO30tJxFlKixkPSgXcFE,spotify:album:7yDxJXFPl88Dt9kBo0dDD6,https://p.scdn.co/mp3-preview/92d7997134bb18b99eb5fdc65926e4ef613f9781?cid=9950ac751e34487dbbe027c4fd7f8e99
You're the Inspiration - 2009 Remaster,419368258,229426,6d7PQZtTbHbcYqaygOW7vs,spotify:artist:3iDD7bnsjL9J4fO298r0L0,spotify:album:3kkAB63Am6POYuMTisinaa,https://p.scdn.co/mp3-preview/da2133abe8aa91b9fdcb911bfb6a2bda3fe293b1?cid=9950ac751e34487dbbe027c4fd7f8e99
"The Key, The Secret",55813881,222666,0Lg4ckCFjFUeyHOeSozcWS,spotify:artist:1QYMj6ouUhi6yis1HE8M68,spotify:album:6IjQa4ZCnkSa9cnUvA3yJG,https://p.scdn.co/mp3-preview/3da82e509c756338a79089a61bcb8439718aff29?cid=9950ac751e34487dbbe027c4fd7f8e99
Paradise City,1183157215,406306,5Q41NLTmGbVPozwHKK7bk2,spotify:artist:3qm84nBOXUEQ2vnTfUTTFC,spotify:album:5JKFiC2WVi9HtvJEm8CUB8,https://p.scdn.co/mp3-preview/6c99e08ad1885d08023354ac96b546ffe3dee44b?cid=9950ac751e34487dbbe027c4fd7f8e99
Tonight I'm Yours (Don't Hurt Me),9670937,251866,5sgVguJJlA7thC8ybAFOo5,spotify:artist:2y8Jo9CKhJvtfeKOsYzRdT,spotify:album:6gDOvRUvES84YOBkMEQTbD,https://p.scdn.co/mp3-preview/162ced11bcc44aba0660912ece34e6abf716f304?cid=9950ac751e34487dbbe027c4fd7f8e99
You Were On My Mind,212053,156640,43wMcgNk8o3Qx7jxg3Lkfo,spotify:artist:1XICntAIOLc3OPozkykv39,spotify:album:7C3qjtVKjkSSaxdW07RdhP,https://p.scdn.co/mp3-preview/217b818c56d595818b5c4c0aa85bdd2127d1178f?cid=9950ac751e34487dbbe027c4fd7f8e99
(The Man Who Shot) Liberty Valance,7419360,176240,6vKqtvGOPnJPQTfb34KJX3,spotify:artist:3ap1NzHNV9QA1x1V6z3gSe,spotify:album:6gJ1d3KgMLwEKeck53FYxc,https://p.scdn.co/mp3-preview/4bc96b41c676b9d89537264a3679d21f2d49bafd?cid=9950ac751e34487dbbe027c4fd7f8e99
Baby Makes Her Blue Jeans Talk,2632288,236656,48d3pHjOvfhKraYZVZ11rH,spotify:artist:2Mhi3jfuRSdbVZPdjqsnnN,spotify:album:4z6lzPnxVfkCibGIbPuIuu,https://p.scdn.co/mp3-preview/40096f7e8d4e3ac96bc33d5adcdf82a3a4dd4f11?cid=9950ac751e34487dbbe027c4fd7f8e99
Smells Like Teen Spirit,2272117341,301920,1f3yAtsJtY87CTmM8RLnxf,spotify:artist:6olE6TJLqED3rqDCT0FyPh,spotify:album:2uEf3r9i2bnxwJQsxQ0xQ7,https://p.scdn.co/mp3-preview/91219ebc0d0505a1001c4b854f8b2451fcec95b8?cid=9950ac751e34487dbbe027c4fd7f8e99
(You're The) Devil In Disguise,171215614,140306,2jRGnaJc5ttlJFgGN0dBY9,spotify:artist:43ZHCT0cAZBISjO8DG9PnE,spotify:album:7mxsNoS5WUrhkW5gPYLFHo,https://p.scdn.co/mp3-preview/9b74743d059f5ae161f6bfa48b72a9b6abf5c898?cid=9950ac751e34487dbbe027c4fd7f8e99
Talk Like That,11988287,221066,1zSsGyYIwmuNyocvrHdt9r,spotify:artist:1zTAQ6zkGz2L2i6lfR30EX,spotify:album:5ramB76eNmvFlL1cJ8mw2s,https://p.scdn.co/mp3-preview/6cbfad2f14ce1da85fe7c4c7446c5aaecf8a0024?cid=9950ac751e34487dbbe027c4fd7f8e99
I'm A Boy - Mono Version,1246048,161440,1uC9wG8ii0S4lK21TWUUAP,spotify:artist:67ea9eGLXYMsO2eYQRui3w,spotify:album:6Evh8ovUQhDp6qoOmeqozb,https://p.scdn.co/mp3-preview/86ee79d525393baf26f8567aed844a444dc2ffaf?cid=9950ac751e34487dbbe027c4fd7f8e99
Sunday Morning,661655399,244880,4rJTwIvqbJLhvO5sKGOpgJ,spotify:artist:04gDigrS5kc9YWfZHwBETP,spotify:album:7ERPhrxdBWkGo4HN1SuJSr,https://p.scdn.co/mp3-preview/41f14a5612da8fdf53a11d03fb2e705ef3ba2084?cid=9950ac751e34487dbbe027c4fd7f8e99
You'll Never Find Another Love Like Mine,83286192,266200,6OylYIXrIH2E3hgg7Dqz5M,spotify:artist:1zJBFCev9UwOMcrZsLi2od,spotify:album:3JWeH3xgkigYvXdNQCFx1m,https://p.scdn.co/mp3-preview/21f5682d94e6b10574d141a96b16ccf8b8785085?cid=9950ac751e34487dbbe027c4fd7f8e99
Hot N Cold,1049345499,220226,1ulXmqjktxSdrdT1bzc69H,spotify:artist:6jJ0s89eD6GaHleKKya26X,spotify:album:1vFFZPioAu0vrJRcGoyGX8,https://p.scdn.co/mp3-preview/d351664a0032b1a966fda7beb8bcfd9eed299430?cid=9950ac751e34487dbbe027c4fd7f8e99
Rock And Roll All Nite,532432855,168733,7990Xs9HQx7FXVIDVPEwj9,spotify:artist:07XSN3sPlIlB2L2XNcTwJw,spotify:album:2hMjDSywkwY2HxjmWObpoI,https://p.scdn.co/mp3-preview/e9bee4e5f3f3073b17b5b691ff82b4c2b0cb98d3?cid=9950ac751e34487dbbe027c4fd7f8e99
I'll Be There for You (Friends Theme),12135267,138201,1gmdTQbEgRZoCbVqSLEJj5,spotify:artist:7CQwac16i1W5ej8YpuL3dv,spotify:album:6olVyDyIS9W67adbR23ypX,https://p.scdn.co/mp3-preview/8535f82324cd05b6bf1ca2af1fbf365882fb0ac3?cid=9950ac751e34487dbbe027c4fd7f8e99
Hopelessly Devoted To You - From “Grease” Soundtrack,339932840,185026,2sONTfhCCMMWJ70f7dbriR,spotify:artist:4BoRxUdrcgbbq1rxJvvhg9,spotify:album:5ySc9ZwyyZlFGIHuEij8oz,https://p.scdn.co/mp3-preview/6280980219425f18098ed42c3ea8a9fe0cea78d0?cid=9950ac751e34487dbbe027c4fd7f8e99
34+35,1045068346,173710,71IEKZtnuNR9W0Sl2CsvZU,spotify:artist:66CXWjxzNUsdJxJ2JdwvnR,spotify:album:3BSzygCIET0gzTTIs7iB3y,https://p.scdn.co/mp3-preview/1819af1e96b22547995c9124bba9de4e271d87d9?cid=9950ac751e34487dbbe027c4fd7f8e99
Starstrukk,163621013,203093,1CuzzAbJ4q28V5JOLCzQVp,"spotify:artist:0FWzNDaEu9jdgcYTbcOa4F, spotify:artist:6jJ0s89eD6GaHleKKya26X",spotify:album:06SY6Ke6mXzZHhURLVU57R,https://p.scdn.co/mp3-preview/60964448b81777ff5e2938d42abd0750a5bb6ed6?cid=9950ac751e34487dbbe027c4fd7f8e99
I Don't Want to Be,258017945,219080,17yReVjsDb7Hlvjqz6jhDm,spotify:artist:5DYAABs8rkY9VhwtENoQCz,spotify:album:75UQQb5KzyAVOfUUxWBjSe,https://p.scdn.co/mp3-preview/3ba4b36bf678f7b4c010ca214a348cb124e37739?cid=9950ac751e34487dbbe027c4fd7f8e99
Love Me Like You,269178261,197786,0fIOacVe000P5pNhaKQlQw,spotify:artist:3e7awlrlDSwF3iM0WBjGMp,spotify:album:4bzVI1FElc13HQagFR7S1W,https://p.scdn.co/mp3-preview/2cc18c0196d3775e80d46828b7575e26a4eafffb?cid=9950ac751e34487dbbe027c4fd7f8e99
Timber,1701835765,204053,1zHlj4dQ8ZAtrayhuDDmkY,"spotify:artist:0TnOYISbd1XYRBk9myaseg, spotify:artist:6LqNN22kT3074XbTVUrhzX",spotify:album:3X33e7UII5loqrEgauOKEC,https://p.scdn.co/mp3-preview/17787d74a2c5b1a6c4da2269900105799e92332a?cid=9950ac751e34487dbbe027c4fd7f8e99
Hey There Delilah - Bonus Track,1169838686,233280,3DWOTqMQGp5q75fnVsWwaN,spotify:artist:1g1yxsNVPhMUl9GrMjEb2o,spotify:album:6MEfS6zFbBYZalRsumJsvs,https://p.scdn.co/mp3-preview/17673c1d00db9b687ef09437da6cd3ee144826b9?cid=9950ac751e34487dbbe027c4fd7f8e99
Learn to Fly,642578998,234800,0mWiuXuLAJ3Brin3Or2x6v,spotify:artist:7jy3rLJdDQY21OgRLCZ9sD,spotify:album:1zCNrbPpz5OLSr6mSpPdKm,https://p.scdn.co/mp3-preview/467d7eddf211aa7ef69fd6558d24cca112d1da32?cid=9950ac751e34487dbbe027c4fd7f8e99
Like I Love You,113795980,283626,6W2Ef5Ph6ILTUAedoQ3QIv,spotify:artist:31TPClRtHm23RisEBtV3X7,spotify:album:6QPkyl04rXwTGlGlcYaRoW,https://p.scdn.co/mp3-preview/35dd6b7c6776b10e41ec7f9e546e4be47b817004?cid=9950ac751e34487dbbe027c4fd7f8e99
When I'm Sixty Four - Remastered 2009,102748256,157666,1NrbnHlR2BFREcyWXHIHip,spotify:artist:3WrFJ7ztbogyGnTHbHJFl2,spotify:album:6QaVfG1pHYl1z15ZxkvVDW,https://p.scdn.co/mp3-preview/50d2ef3eab081ff7f73d41068ae0fe15567bbbee?cid=9950ac751e34487dbbe027c4fd7f8e99
Going Under,386444728,214946,7jUnwF51o95iu2zPnpnEdW,spotify:artist:5nGIFgo0shDenQYSE0Sn7c,spotify:album:5ozEqFzXMZyJkfekXLkUUo,https://p.scdn.co/mp3-preview/78c3da357d5702d3a226ea8aebba334b808c96b4?cid=9950ac751e34487dbbe027c4fd7f8e99
Blue (Da Ba Dee) - Gabry Ponte Ice Pop Radio,674551800,283747,5QRAfvKPyQpwt897Jc0glg,"spotify:artist:64rxQRJsLgZwHHyWKB8fiF, spotify:artist:5ENS85nZShljwNgg4wFD7D",spotify:album:3j90eFnVFEYzOVt024QCTf,https://p.scdn.co/mp3-preview/bbac41684f243a85862b5c010ec7c38e1a8bef5e?cid=9950ac751e34487dbbe027c4fd7f8e99
Jenny from the Block (feat. Jadakiss & Styles P.) - Track Masters Remix,415431404,187840,4ZOyH6KjomjlqCz3oFqglr,"spotify:artist:2DlGxzQSjYe5N6G9nkYghR, spotify:artist:5pnbUBPifNnlusY8kTBivi, spotify:artist:2x8KDZdSONA3872CnhaAlX",spotify:album:2NG4OLyeNMwcLqirwwwvs2,https://p.scdn.co/mp3-preview/436c784474eb9059cc3b5ce2d3a44703e3ac6433?cid=9950ac751e34487dbbe027c4fd7f8e99
Evacuate The Dancefloor,222733451,207200,0jDWRUbxSn8zQlwFbeLHwo,spotify:artist:0N0d3kjwdY2h7UVuTdJGfp,spotify:album:2VdVCzqQ6MyOSLEZh75iMn,https://p.scdn.co/mp3-preview/b671b4bdbf4aa3c5547c0398d753903cd4d8ff7a?cid=9950ac751e34487dbbe027c4fd7f8e99
Howzat,14817248,225560,78K0CsNamJ1LdSrWO7CxCn,spotify:artist:45NevEaV0GyRopWoADDPr2,spotify:album:4liRYil0nws0o7QfPehI71,https://p.scdn.co/mp3-preview/1fb351393a19fe60dd5854f26dda1eb4da5bd1a0?cid=9950ac751e34487dbbe027c4fd7f8e99
America,22804,274600,07TpJXlJ7y50uxqhOiK06t,spotify:artist:3YUrEElXpqiPSbffh9XXZd,spotify:album:5o8IrQOjfnuWNpQtzvZEOP,https://p.scdn.co/mp3-preview/4afbe35b0d3b73dd428f6f1017341b55ce5400c9?cid=9950ac751e34487dbbe027c4fd7f8e99
Portsmouth,3941235,121226,55lrWl9QxmDf76ddTibZZs,spotify:artist:562Od3CffWedyz2BbeYWVn,spotify:album:200p7O3raeXT2jNhmzK4TE,https://p.scdn.co/mp3-preview/45fd4fed93577215af7beadb577e8f3458f79339?cid=9950ac751e34487dbbe027c4fd7f8e99
What You Know,937210321,189693,1qfYG2JrchEyJiqKnkE7YQ,spotify:artist:536BYVgOnRky0xjsPT96zl,spotify:album:4V1rQRHuuOWs8fXRl16OMY,https://p.scdn.co/mp3-preview/f32385f2429e2020eecf58c66e8166abe0f95da2?cid=9950ac751e34487dbbe027c4fd7f8e99
I'm the Urban Spaceman - 2007 Remaster,2895421,146133,0QWAOOFV9lsnC7fYHeSycS,spotify:artist:6Q7D1oEccgTc8MAYdMgtIx,spotify:album:5NcFpb4RsvB0inuFAbFCC0,https://p.scdn.co/mp3-preview/065a06dd8d62d46ed461729eba0d6b7b64481c8c?cid=9950ac751e34487dbbe027c4fd7f8e99
Not Over You,241910492,218520,6j7hih15xG2cdYwIJnQXsq,spotify:artist:5DYAABs8rkY9VhwtENoQCz,spotify:album:2zVRgW8bXd7ukXRZSWw81j,https://p.scdn.co/mp3-preview/c50e9e69a40b94eb9d6782d913a07c20908ae5b3?cid=9950ac751e34487dbbe027c4fd7f8e99
Train Wreck,889275709,208826,7s3VamLgN0rvQ0W0FlDST8,spotify:artist:4IWBUUAFIplrNtaOHcJPRM,spotify:album:281OVNHJsmCsyzrBJksB8d,https://p.scdn.co/mp3-preview/b844823ed86631219a514760db55169dc7ae4b51?cid=9950ac751e34487dbbe027c4fd7f8e99
The Best Disco In Town,3495697,401026,79eNiy8GqOx646aVCNtPd1,spotify:artist:3FxBwdg0z5WkLdlAbe7GHq,spotify:album:1JuWjbZz8k7NCneHAyPkWo,https://p.scdn.co/mp3-preview/3bdbe6ee42224e6171209edd413e037b4c02a03f?cid=9950ac751e34487dbbe027c4fd7f8e99
Lover (Remix) [feat. Shawn Mendes],306206250,221306,3i9UVldZOE0aD0JnyfAZZ0,"spotify:artist:06HL4z0CvFAxyc27GXpf02, spotify:artist:7n2wHs1TKAczGzO7Dd2rGr",spotify:album:2UfvnX1YYeC2cExMQTMbXC,https://p.scdn.co/mp3-preview/39ad3626255876a596c04f62fe861163d51e41d5?cid=9950ac751e34487dbbe027c4fd7f8e99
Leave Me Alone (Ruby Red Dress),1574017,207826,1Am9G7F2qJq4EtD65ALTEf,spotify:artist:0Sq7oGrYEe0BDmb13wgjOO,spotify:album:50qDHoXQ1QASk26kNQTW5l,https://p.scdn.co/mp3-preview/53ac7fadb5d8cab7ae6d51e1f72d5b2933916d56?cid=9950ac751e34487dbbe027c4fd7f8e99
Catch,11020509,201546,3jfh72x6NytXn7SkkLD2T2,spotify:artist:5squ8uM6fhMQY71t9xobJC,spotify:album:4BZb4Yb4GJyYlLCBrsXaRS,https://p.scdn.co/mp3-preview/951038d6b3229e91e67cf4fff2186046b02b36be?cid=9950ac751e34487dbbe027c4fd7f8e99
Hurt Somebody (With Julia Michaels),389350615,168640,7vA2Y79Q4bBqdzBCfHeGEe,"spotify:artist:2RQXRUsr4IW1f3mKyKsy4B, spotify:artist:0ZED1XzwlLHW4ZaG4lOT6m",spotify:album:1TMA2dKLdsJZ8u1iikE6Ow,https://p.scdn.co/mp3-preview/3d575c16c4dd49b0984436e2e86990f506407a8c?cid=9950ac751e34487dbbe027c4fd7f8e99
I Shot The Sheriff,4538012,246733,52MJZwo0UGqgFitqv8YFVK,spotify:artist:2B4ZHz4QDWJTXPFPgO5peE,spotify:album:59JiwsQ9p5dJWWcBEGB5Np,https://p.scdn.co/mp3-preview/c78e367b041a2476de15a118e71712112c562dcb?cid=9950ac751e34487dbbe027c4fd7f8e99
Karma Police,625926275,264066,4toSP60xmDNCFuXly8ywNZ,spotify:artist:4Z8W4fKeB5YxbusRsdQVPb,spotify:album:2fGCAYUMssLKiUAoNdxGLx,https://p.scdn.co/mp3-preview/0c770be37583bbf7f7da3febeb2bf11d1a621a80?cid=9950ac751e34487dbbe027c4fd7f8e99
Love Me Now,404097855,210293,6nxQdXa1uAL0rY72wPZu89,spotify:artist:5y2Xq6xcjJb2jVM54GHK3t,spotify:album:7xMjYDrgPLp1ReFGAOyS1O,https://p.scdn.co/mp3-preview/5dfaac6455094cc31df1f0e04ab6623e8f9a26f9?cid=9950ac751e34487dbbe027c4fd7f8e99
Don't Talk to Him - 1998 Remaster,361865,174133,2vLIA9aaKQHnaQ3rnMyhTv,spotify:artist:4IdvJZeciaa37wYr2qBpjm,spotify:album:7iRIRyvhY1iwIIhwnhTVKS,https://p.scdn.co/mp3-preview/3aa2fe4ecbba3e28ae30c867f499901d35081f32?cid=9950ac751e34487dbbe027c4fd7f8e99
Israel's Son,29076253,318666,3BUE23eLeXRXYdDcL3wJgS,spotify:artist:4iudEcmuPlYNdbP3e1bdn1,spotify:album:5MgR5qQCxsusIOui4S2io5,https://p.scdn.co/mp3-preview/6071e2f3105da7cfa33bb3623a5fc0eab89270ba?cid=9950ac751e34487dbbe027c4fd7f8e99
Drop The Pressure,32485437,255600,4ctPexpFIKzjWl4sI7pxeR,spotify:artist:5YjEVrNMrIRw2xGbjTN6Ti,spotify:album:4bmRs1mbIqoZXpxAzCRQ7E,https://p.scdn.co/mp3-preview/64f7cbbf632d1f99553d7bb40f9be15daa614d34?cid=9950ac751e34487dbbe027c4fd7f8e99
Fireflies,980605671,228346,3DamFFqW32WihKkTVlwTYQ,spotify:artist:07QEuhtrNmmZ0zEcqE9SF6,spotify:album:3vf65wfk1EEjVhy6BjENsS,https://p.scdn.co/mp3-preview/43dc49fcebcb6d83f3dd0570044bc20b1d01f5a3?cid=9950ac751e34487dbbe027c4fd7f8e99
Rock This Party - Original,175685763,245463,5g6rWTgfQZ368TJbVZXF6n,spotify:artist:5YFS41yoX0YuFY39fq21oN,spotify:album:3jXjS9PtFtK7OcavzZuAae,https://p.scdn.co/mp3-preview/d29e2e739899dcd7ccecdf08a46d79f3abd09e1b?cid=9950ac751e34487dbbe027c4fd7f8e99
Runaround Sue - Remastered 1991,215560420,159813,6AL6Wbn1xA3R86vAvuiho5,spotify:artist:15FyiY3ChN0QRspHIQYq0W,spotify:album:4XCCPbgyV1L06tIZmQYFwu,https://p.scdn.co/mp3-preview/744b8bff24ee6b1bdc6f5b09ba2b0e787e44c121?cid=9950ac751e34487dbbe027c4fd7f8e99
L.A. International Airport,2754460,171000,3ep2JeuUdSlMm8JfwKbY15,spotify:artist:09efpf4ONuA3Ezctd8lXza,spotify:album:4SMpKmioHN4VSb6f5rqzhl,https://p.scdn.co/mp3-preview/b646071f7eaede312755d9db3d54191b960c33a5?cid=9950ac751e34487dbbe027c4fd7f8e99
